Timestamp,TotalDuration(ms),FileCount,CachedFiles,MatchesFound,MemoryUsed(MB)
2025-04-04 09:48:34,878.00,2052,2052,23,59.48
2025-04-04 09:51:47,900.00,2052,2052,23,97.55
2025-04-04 09:52:11,905.00,2052,2052,23,98.96
2025-04-04 09:53:06,904.00,2052,2052,23,80.87
2025-04-04 09:57:43,551.00,2052,2052,23,102.75
2025-04-04 09:57:51,570.00,2052,2052,23,97.41
2025-04-04 09:58:06,905.00,2052,2052,23,110.85
2025-04-04 09:58:31,904.00,2052,2052,23,98.71
2025-04-04 09:58:55,580.00,2052,2052,23,83.92
2025-04-04 09:58:58,574.00,2052,2052,23,110.19
2025-04-04 09:58:59,570.00,2052,2052,23,104.51
2025-04-04 09:59:01,580.00,2052,2052,23,90.11
2025-04-04 09:59:56,573.00,2052,2052,23,77.93
2025-04-04 10:00:08,576.00,2052,2052,23,96.72
2025-04-04 10:04:18,906.00,2052,2052,23,79.00
2025-04-04 10:05:16,905.00,2052,2052,23,102.99
2025-04-04 10:06:32,903.00,2052,2052,23,101.93
2025-04-04 10:09:21,1353.00,2052,2052,23,107.09
2025-04-04 10:09:26,1352.00,2052,2052,23,81.78
2025-04-04 10:09:30,1373.00,2052,2052,23,82.93
2025-04-04 10:10:41,903.00,2052,2052,23,98.84
2025-04-04 10:10:44,919.00,2052,2052,23,93.17
2025-04-04 10:10:46,908.00,2052,2052,23,105.73
2025-04-04 10:12:32,877.00,2052,2052,23,93.78
2025-04-04 10:12:41,875.00,2052,2052,23,82.80
2025-04-04 10:12:46,842.00,2052,2052,23,105.65
2025-04-04 10:12:54,577.00,2052,2052,23,101.58
2025-04-04 10:13:00,914.00,2052,2052,23,93.79
2025-04-04 10:13:02,579.00,2052,2052,23,104.76
2025-04-04 10:13:03,575.00,2052,2052,23,92.75
2025-04-04 10:13:05,567.00,2052,2052,23,101.54
2025-04-04 10:16:01,545.00,2052,2052,23,97.46
2025-04-04 10:16:04,556.00,2052,2052,23,92.18
2025-04-04 10:16:06,564.00,2052,2052,23,99.17
2025-04-04 10:18:46,564.00,2052,2052,23,97.34
2025-04-04 10:18:49,573.00,2052,2052,23,100.92
2025-04-04 10:20:31,871.00,2052,2052,23,103.44
2025-04-04 10:21:33,880.00,2052,2052,23,97.62
2025-04-04 10:23:31,579.00,2052,2052,23,106.60
2025-04-04 10:25:57,577.00,2052,2052,23,91.74
2025-04-04 10:26:18,575.00,2052,2052,23,98.88
2025-04-04 10:28:29,789.00,2052,2052,23,145.02
2025-04-04 10:28:31,448.00,2052,2052,23,108.56
2025-04-04 10:28:33,439.00,2052,2052,23,104.09
2025-04-04 10:28:54,431.00,2052,2052,23,101.62
2025-04-04 10:28:56,444.00,2052,2052,23,97.80
2025-04-04 10:28:57,443.00,2052,2052,23,95.98
2025-04-04 10:28:58,443.00,2052,2052,23,104.08
2025-04-04 10:28:59,440.00,2052,2052,23,104.13
